user_id,experience,skills_score
1,17,96.33958464846327
2,10,28.248523104367294
3,12,54.01173392789931
4,14,70.6983476626912
5,12,95.17159211599237
6,11,1.491611460457043
7,6,7.596546153679529
8,16,60.4765979046331
9,2,61.23085909508925
10,5,95.6567894637534
